Males,Females
Michael,Jessica
Christopher,Ashley
Matthew,Emily
Joshua,Sarah
Jacob,Samantha
Nicholas,Amanda
Andrew,Brittany
Daniel,Elizabeth
Tyler,Taylor
Joseph,Megan
Brandon,Hannah
David,Kayla
James,Lauren
Ryan,Stephanie
John,Rachel
Zachary,Jennifer
Justin,Nicole
William,Alexis
Anthony,Victoria
Robert,Amber
Jonathan,Alyssa
Austin,Courtney
Alexander,Rebecca
Kyle,Danielle
Kevin,Jasmine
Thomas,Brianna
Cody,Katherine
Jordan,Alexandra
Eric,Madison
Benjamin,Morgan
Aaron,Melissa
Christian,Michelle
Samuel,Kelsey
Dylan,Chelsea
Steven,Anna
Brian,Kimberly
Jose,Tiffany
Timothy,Olivia
Nathan,Mary
Adam,Christina
Richard,Allison
Patrick,Abigail
Charles,Sara
Sean,Shelby
Jason,Heather
Cameron,Haley
Jeremy,Maria
Mark,Kaitlyn
Stephen,Laura
Jesse,Erin
Juan,Andrea
Alex,Natalie
Travis,Jordan
Jeffrey,Brooke
Ethan,Julia
Caleb,Emma
Luis,Vanessa
Jared,Erica
Logan,Sydney
Hunter,Kelly
Trevor,Kristen
Bryan,Katelyn
Evan,Marissa
Paul,Amy
Taylor,Crystal
Kenneth,Paige
Connor,Cassandra
Dustin,Gabrielle
Noah,Katie
Carlos,Caitlin
Devin,Lindsey
Gabriel,Destiny
Ian,Kathryn
Nathaniel,Jacqueline
Gregory,Shannon
Derek,Jenna
Corey,Angela
Jesus,Savannah
Scott,Mariah
Bradley,Alexandria
Dakota,Sierra
Antonio,Alicia
Marcus,Briana
Blake,Miranda
Garrett,Jamie
Edward,Catherine
Luke,Brittney
Shawn,Breanna
Peter,Grace
Seth,Monica
Mitchell,Sabrina
Adrian,Madeline
Victor,Caroline
Miguel,Molly
Shane,Erika
Chase,Mackenzie
Isaac,Leah
Spencer,Diana
Lucas,Whitney
Jack,Cheyenne
Tanner,Bailey
Angel,Christine
Vincent,Meghan
Isaiah,Lindsay
Dalton,Angelica
Brett,Cynthia
George,Margaret
Alejandro,Kaitlin
Elijah,Alexa
Cory,Hailey
Cole,Veronica
Joel,Melanie
Erik,Bianca
Jake,Autumn
Mason,Ariel
Jorge,Kristin
Dillon,Bethany
Raymond,Lisa
Colton,Kristina
Ricardo,Holly
Casey,Leslie
Francisco,Casey
Brendan,Chloe
Devon,April
Keith,Julie
Colin,Claire
Wesley,Kaylee
Phillip,Brenda
Oscar,Kathleen
Julian,Rachael
Johnathan,Karen
Eduardo,Sophia
Chad,Patricia
Bryce,Gabriela
Donald,Kendra
Ronald,Dominique
Alec,Ana
Dominic,Kara
Grant,Desiree
Martin,Tara
Henry,Michaela
Mario,Brandi
Xavier,Carly
Manuel,Kylie
Alan,Karina
Derrick,Adriana
Frank,Valerie
Tristan,Caitlyn
Collin,Natasha
Omar,Hayley
Jeremiah,Rebekah
Jackson,Jocelyn
Troy,Cassidy
Edgar,Jade
Javier,Gabriella
Douglas,Makayla
Clayton,Daisy
Jonathon,Jillian
Nicolas,Alison
Andre,Audrey
Maxwell,Faith
Ivan,Angel
Philip,Nancy
Levi,Dana
Sergio,Krystal
Roberto,Alejandra
Darius,Ariana
Andres,Summer
Cristian,Isabella
Hector,Mikayla
Fernando,Raven
Drew,Katrina
Curtis,Kiara
Gary,Sandra
Riley,Meagan
Johnny,Lydia
Max,Kirsten
Dennis,Chelsey
Malik,Zoe
Wyatt,Monique
Cesar,Claudia
Edwin,Mallory
Gavin,Joanna
Preston,Deanna
Marco,Isabel
Allen,Ashlee
Ruben,Felicia
Calvin,Marisa
Mathew,Mercedes
Randy,Mckenzie
Brent,Jasmin
Jerry,Krista
Hayden,Yesenia
Alexis,Diamond
Brady,Evelyn
Parker,Cindy
Tony,Selena
Pedro,Brandy
Craig,Gina
Larry,Mia
Liam,Ava
Aiden,Charlotte
Jayden,Ella
Carter,Amelia
Owen,Avery
Oliver,Sofia
Landon,Harper
Sebastian,Addison
Eli,Lily
Brayden,Aubrey
Jaxon,Lillian
Grayson,Zoey
Josiah,Brooklyn
Ayden,Layla
Cooper,Riley
Nolan,Scarlett
Jace,Camila
Hudson,Aaliyah
Carson,Nevaeh
Bentley,Aria
Lincoln,Arianna
Easton,Penelope
Asher,Bella
Mateo,Stella
Jaxson,Peyton
Brody,Lucy
Kayden,Ellie
Bryson,Genesis
Leo,Nora
Elias,Maya
Ryder,Madelyn
Micah,Serenity
Damian,Violet
Miles,Kennedy
Diego,Skylar
Santiago,Sadie
Leonardo,Khloe
Sawyer,Sophie
Ezra,Paisley
Roman,Mila
Theodore,Eva
Giovanni,Naomi
Camden,Eleanor
Braxton,Gianna
Ashton,Aubree
Greyson,Piper
Declan,Ruby
Axel,Annabelle
Jonah,Hazel
Kaiden,Alice
Silas,Isabelle
Aidan,Reagan
Kaleb,London
Jaden,Trinity
Harrison,Rylee
Weston,Aurora
Kaden,Natalia
Ezekiel,Vivian
Emmanuel,Elena
Maddox,Liliana
Jude,Eliana
Jameson,Clara
Malachi,Quinn
Everett,Cora
Caden,Brielle
Emmett,Payton
Jayce,Lilly
Kingston,Hadley
Kai,Valentina
Brantley,Luna
Abel,Mya
Bennett,Jordyn
Ryker,Kinsley
Abraham,Delilah
Tucker,Willow
Cayden,Lyla
Luca,Angelina
Avery,Kendall
Gage,Josephine
King,Valeria
Jase,Adeline
Maximus,Aliyah
Maverick,Reese
Peyton,Laila
Conner,Juliana
Braden,Ivy
Erick,Ximena
Trenton,Brooklynn
Jalen,Gracie
Donovan,Eden
Colby,Emilia
Todd,Isla
Terry,Adalynn
Jeffery,Melody
Bruce,Elise
Rodney,Adalyn
Mike,Emery
Roger,Alaina
Ricky,Makenzie
Steve,Ryleigh
Jeff,Jayla
Carl,Lila
Danny,Norah
Russell,Izabella
Chris,Londyn
Gerald,Julianna
Wayne,Daniela
Joe,Alana
Randall,Kylee
Lawrence,Hayden
Dale,Giselle
Billy,Eliza
Glenn,Athena
Jimmy,Leilani
Barry,Jada
Bobby,Ashlyn
Walter,Alexia
Jon,Kate
Jay,Alondra
Dean,Hope
Tim,Abby
Roy,Jazmin
Willie,Adrianna
Arthur,Delaney
Darryl,Susan
Darrell,Linda
Harold,Donna
Greg,Deborah
Albert,Tammy
Darren,Pamela
Ronnie,Lori
Ralph,Barbara
Louis,Sharon
Jim,Debra
Micheal,Teresa
Marc,Cheryl
Frederick,Denise
Eddie,Tina
Lee,Robin
Stanley,Diane
Tommy,Dawn
Eugene,Carol
Tom,Tracy
Tracy,Kathy
Howard,Theresa
Leonard,Kim
Kurt,Rhonda
Marvin,Janet
Kelly,Wendy
Ernest,Michele
Dwayne,Debbie
Rick,Paula
Bill,Sherry
Reginald,Carolyn
Duane,Laurie
Fred,Sheila
Melvin,Ann
Norman,Jill
Dan,Connie
Harry,Terri
Jerome,Suzanne
Kirk,Beth
Ray,Janice
Don,Renee
Glen,Lynn
Brad,Annette
Karl,Cathy
Earl,Judy
Lance,Carla
Francis,Wanda
Clifford,Anne
Kent,Joyce
Alfred,Regina
Warren,Beverly
Clarence,Bonnie
Bernard,Anita
Tyrone,Darlene
Gordon,Jane
Dave,Sherri
Guy,Martha
Kerry,Colleen
Daryl,Vicki
Leroy,Tracey
Lonnie,Judith
Perry,Tamara
Maurice,Gloria
Alvin,Betty
Gilbert,Stacey
Vernon,Penny
Stuart,Shirley
Rickey,Jean
Franklin,Peggy
Leon,Joan
Gregg,Melinda
Bob,Shelly
Darin,Stacy
Leslie,Virginia
Gene,Marie
Herbert,Maureen
Neil,Ruth
Kim,Ellen
Dwight,Tonya
Lloyd,Heidi
Garry,Joanne
Jackie,Dorothy
Lewis,Gail
Clyde,Rita
Floyd,Rose
Allan,Vickie
Donnie,Carrie
Lester,Yvonne
Jimmie,Becky
Randolph,Helen
Charlie,Sylvia
Robin,Yolanda
Dana,Terry
Ted,Elaine
Milton,Sheri
Freddie,Marilyn
Harvey,Jodi
Gerard,Sheryl
Johnnie,Jackie
Herman,Phyllis
Lynn,Frances
Rex,Joann
Arnold,Eileen
Chester,Shelley
Cecil,Toni
Roland,Charlene
Claude,Sally
Sam,Kristine
Wallace,Jeanne
Hugh,Tanya
Elmer,Belinda
Willard,Carmen
Jessie,Sandy
Marshall,Sonya
Marion,Lorraine
Sidney,Yvette
Sammy,Jeanette
Benny,Loretta
Virgil,Joy
Morris,Sue
Earnest,Norma
Lyle,Roberta
Bennie,Shari
Wendell,Jo
Fredrick,Tammie
,Traci
,Gwendolyn
,Tami
,Shelia
,Marcia
,Doris
,Karla
,Jody
,Glenda
,Patty
,Pam
,Marsha
,Lois
,Dianne
,Constance
,Irene
,Jan
,Louise
,Juanita
,Marlene
,Rosemary
,Kay
,Geraldine
,Gayle
,Annie
,Lynda
,Lynne
,Patsy
,Vicky
,June
,Marjorie
,Arlene
,Patti
,Rosa
,Delores
,Janis
,Marianne
,Dolores
,Mildred
,Roxanne
,Carole
,Doreen
,Edna
,Georgia
,Edith
,Pauline
,Wilma
,Ethel
,Lucille
,Florence
,Margie
,Thelma
,Gladys
,Marion
,Priscilla
,Willie
,Esther
,Maryann
,Bernice
,Billie
,Bertha
,Bobbie
,Pat
,Maxine
,Marian
,Paulette
,Beatrice
,Lillie
,Ida
,Faye
,Janie
,Harriet
,Rosalie
,Alma
,Vera
,Jessie
,Mattie
,Minnie
,Rosie
